model,roc_auc,pr_auc,logloss,brier,precision@0.5,recall@0.5,f1@0.5
rf_clf,0.8842513074594001,0.21823251514356537,0.16441194876424103,0.042539602192024864,0.23369565217391305,0.24855491329479767,0.24089635854341737
xgb_clf,0.8912840627580512,0.3585521251750293,0.38573446972049263,0.07110291314034266,0.275,0.5722543352601156,0.3714821763602251
lgbm_clf,0.8994673823286541,0.2195603421107513,0.4479639086164944,0.0545753415150169,0.21176470588235294,0.20809248554913296,0.2099125364431487
logreg,0.896139554087531,0.2585338286699145,0.5901682467702404,0.15598353770517404,0.12944983818770225,0.6936416184971098,0.21818181818181817
hist_gb_clf,0.8946022570878063,0.2890619790664846,0.727701373362965,0.06819374603454735,0.2947019867549669,0.5144508670520231,0.37473684210526315
